{
    "0.0005": {
        "val_loss": 6.895101361804539,
        "val_accuracy": 0.1041666641831398,
        "best_model": "trained_models/lstm_poetryfoundation_lr=0_0005_best.pt",
        "total_runtime_sec": 152.44
    }
}