{
    "0.001": {
        "val_loss": 6.894469473097059,
        "val_accuracy": 0.0902777761220932,
        "best_model": "trained_models/lstm_poetryfoundation_lr=0_001_best.pt",
        "total_runtime_sec": 232.5
    }
}