{
    "0.0001": {
        "val_loss": 6.825792180167304,
        "val_accuracy": 0.1284722238779068,
        "best_model": "trained_models/transformer_poetryfoundation_lr=0_0001_best.pt",
        "total_runtime_sec": 237.41
    }
}